[Data],,,,,,,,,
Sample_ID,Sample_Name,Sample_Plate,Sample_Well,I7_Index_ID,index,I5_Index_ID,index2,Sample_Project,Description
N701,,,,,CAGATC,,,,
N702,,,,,ACTTGA,,,,
N703,,,,,GATCAG,,,,
N704,,,,,TAGCTT,,,,
N705,,,,,GGCTAC,,,,
N706,,,,,CTTGTA,,,,
N707,,,,,AGTCAA,,,,
N708,,,,,AGTTCC,,,,
N709,,,,,ATGTCA,,,,
N710,,,,,CCGTCC,,,,
N711,,,,,GTAGAG,,,,
N712,,,,,GTCCGC,,,,
N713,,,,,GTGAAA,,,,
N714,,,,,GTGGCC,,,,
N715,,,,,GTTTCG,,,,
N716,,,,,CGTACG,,,,
N717,,,,,CACTGA,,,,
N718,,,,,ATTCCT,,,,
N719,,,,,TCGGCA,,,,
N720,,,,,CGGAAT,,,,
N721,,,,,GACGAC,,,,
N722,,,,,TAATCG,,,,
N723,,,,,ACAGTG,,,,
N724,,,,,GGTAGC,,,,
N725,,,,,ATCACG,,,,
N726,,,,,CGATGT,,,,
N727,,,,,TTAGGC,,,,
N728,,,,,GAGTGG,,,,
N729,,,,,ACTGAT,,,,
N730,,,,,ATGAGC,,,,
N731,,,,,CAGGCG,,,,
N732,,,,,CATGGC,,,,
N733,,,,,CTCAGA,,,,
N734,,,,,TCATTC,,,,
N735,,,,,GCCAAT,,,,
N736,,,,,CTATAC,,,,
N737,,,,,TGACCA,,,,
N738,,,,,CACCGG,,,,
N739,,,,,CACTCA,,,,
N740,,,,,TATAAT,,,,
